name,dob,designation,workType,email,phoneNumber,adharNumber,gender,address,shift
Mary Bradley,1929-05-07,Technician,Full-time,brooke16@example.org,+1-351-271-6642x30584,825470983155,Male,"3551 Mark Plain Suite 993
Lake Kayla, ID 44877",12B
Rachel Reed,1915-04-14,Engineer,Full-time,sarah95@example.org,(639)814-2782,281582407923,Male,"PSC 9245, Box 3613
APO AP 94215",12B
Thomas Nicholson II,1982-04-28,Assistant,Temporary,walkerbenjamin@example.com,4537889647,975999441128,Female,"1374 Scott Oval
Aaronborough, SC 15573",8G
Michael Morgan,1999-03-28,Engineer,Full-time,echerry@example.net,419.615.6941,730184352364,Female,"386 Rebecca Cliffs Suite 577
Burgessview, TN 36786",12B
Anthony Smith,1933-08-27,Supervisor,Contract,susanfletcher@example.net,001-303-321-0106,169146274260,Female,"32482 Billy Street Suite 514
Michaelbury, MA 54202",10A
Thomas White,1953-10-30,Supervisor,Contract,melissa73@example.org,493-230-2483,671983092654,Male,"090 Sanchez Meadow Apt. 226
Rodneymouth, WA 48619",GS
Karen Russell,2016-01-25,Manager,Part-time,flemingedward@example.net,6574628829,953296963267,Male,"924 Jesse Brook Apt. 693
Brooksport, AS 84856",10A
Anthony Morales,2001-04-18,Manager,Part-time,baileycharles@example.net,(764)312-7166x1507,538749684909,Male,"702 Hoffman Prairie
North Ryanview, MP 02129",10A
Lisa Moore,1931-04-24,Technician,Part-time,rrichardson@example.net,+1-282-856-9300x25296,906790066085,Female,"13991 Craig Corners
Port Sandra, ND 74944",8A
Sarah King,1972-02-21,Supervisor,Full-time,williamswilliam@example.org,481-695-8704,672482869192,Female,"895 Johnson Parkways Apt. 357
West Adrian, CA 66703",8G
Joshua Rodriguez,1960-08-14,Assistant,Part-time,rmitchell@example.com,001-234-387-4089,126394554918,Male,"24076 Elizabeth Viaduct Suite 798
Port Jason, WA 21640",12A
Tina Perez,1942-08-10,Engineer,Temporary,michaelgarcia@example.org,(953)287-2057x23765,747303874031,Male,"3152 Rice Shore Apt. 719
West Katherinehaven, MN 69428",12A
Crystal Osborn,1985-01-05,Supervisor,Temporary,daniel93@example.net,(783)290-2734,121255801933,Male,"148 Patrick Mountains Suite 717
Bakerbury, TX 09435",12B
Michelle Bowman,1924-02-14,Supervisor,Contract,christopher45@example.net,941-369-0599x5241,987680960884,Female,"440 Peter Locks
Elliottton, ME 86160",8B
Jon Mcclain,1953-01-19,Manager,Part-time,agarcia@example.net,5204009166,438896433798,Female,"1141 Ramirez Keys Suite 893
West Juan, IN 38196",10A
Dennis Chapman,1940-01-05,Engineer,Full-time,brian92@example.net,257.318.3789x839,556552129076,Male,"6662 Nelson Green Suite 449
Port Mark, MH 50490",8G
Sarah Hawkins,1977-01-26,Engineer,Temporary,ellisleslie@example.org,(935)669-8388,890453370104,Male,"406 Lewis Divide
Dayfort, FM 17049",12A
Angela Coleman,1912-08-02,Technician,Full-time,catherinerivera@example.com,001-435-345-3038x092,996233034710,Male,"953 Waters Stream Suite 998
Matthewberg, TX 14295",8B
Douglas Love,1921-03-21,Engineer,Temporary,bsimpson@example.net,+1-681-947-1367x984,707600500732,Female,"0530 Courtney Cliffs
East Codyland, SD 02983",12B
Clayton Knight,2022-09-12,Engineer,Temporary,callison@example.com,+1-712-971-1623x099,577432385985,Female,"1881 Smith Road Apt. 836
Russellborough, NE 18573",8G
Jon Freeman,1975-03-25,Engineer,Contract,meganbrooks@example.com,(692)362-9402,284104210635,Female,"5781 Mark Run Suite 722
Howardtown, NV 37818",8A
Jamie Franco,2000-10-29,Assistant,Contract,jeffreysilva@example.net,3323277349,202793549736,Male,"20182 Pineda Plains Apt. 257
Calebburgh, NE 44212",12B
Karen Norman,2020-10-10,Engineer,Full-time,walshamanda@example.org,367-521-5779,325493689312,Female,"95648 Livingston Fort
Brettborough, NM 82765",10A
Richard Miller,1963-08-07,Assistant,Part-time,jessicablackburn@example.org,(618)831-6276x137,986547972350,Male,"024 Thompson Ways
West Kyleside, KY 16329",12A
Jeffrey Sanchez,1917-08-08,Supervisor,Part-time,perezfelicia@example.com,001-931-547-1205x326,341323627616,Female,"733 Andrew Vista Suite 990
Jacksonfort, WA 33042",8B
Laura Davis,1972-02-21,Assistant,Contract,timothy50@example.org,473-701-2400x22142,208042324853,Female,"37296 Sharon Island
Melissaburgh, VA 88825",10A
David Cruz,1959-11-24,Supervisor,Temporary,ashleytodd@example.org,307-335-9392x78661,444846879120,Male,"26004 James Union
Port Nicolefurt, SC 80424",8G
David Gibbs,2014-12-20,Technician,Contract,mckeejasmine@example.net,001-535-441-8147x9611,798676142020,Male,"44979 Marissa Branch Suite 560
Lake Barryside, MO 21132",12A
Thomas Williams,1962-07-10,Technician,Full-time,rangelashley@example.org,527.267.7888x87495,306357906039,Male,"436 Gilmore Fort Apt. 600
Mariaberg, RI 23313",8A
Janet Ross,2017-12-02,Assistant,Full-time,dbentley@example.net,+1-697-779-1815,683848259782,Male,"5800 Katelyn Falls Suite 551
Lake Kimberlyburgh, TX 90229",GS
Timothy Baker,2009-03-14,Supervisor,Full-time,liurebecca@example.org,+1-809-275-6606x2086,805174906630,Male,"564 Jean Groves
Thomasmouth, CO 97080",8B
Kevin Simmons,1908-02-24,Manager,Part-time,wilcoxdakota@example.com,7488464708,587164307719,Female,"3438 Jackson Grove
South Melvin, IA 31531",8G
Jennifer Montgomery,1982-06-27,Technician,Full-time,tiffanyortiz@example.net,490-732-5437x67272,656673149613,Female,"005 Julie Squares
Kathleenchester, DE 99789",12B
Michael Arnold,1978-02-21,Supervisor,Full-time,dominiqueweaver@example.org,918-661-9091,970624686286,Female,"068 Gardner Mission
Juliafurt, LA 96100",8C
Lori Nelson,2001-12-28,Assistant,Part-time,carlawilkinson@example.net,847-836-8437x38564,457402405104,Female,"PSC 3053, Box 1087
APO AA 10558",12A
Gina Thompson,1948-02-26,Supervisor,Full-time,davisnathan@example.org,+1-429-990-4135,288841361499,Male,"Unit 5420 Box 4452
DPO AA 54397",12B
Mary Bell,2002-05-04,Technician,Temporary,marymorrow@example.net,8696797284,502570128815,Male,"Unit 2839 Box 4366
DPO AE 06419",8G
Christina Perez,2014-08-08,Supervisor,Temporary,brucesmith@example.org,(736)998-2391x282,939804299586,Female,"6257 Jeffrey Circle
West Williamland, NY 69151",12A
Bryan Hernandez,1923-05-10,Technician,Temporary,kterry@example.net,(408)385-9646x7677,282170040186,Female,"USS Mosley
FPO AE 48540",12B
Victoria Mendoza,1933-07-14,Technician,Part-time,jeffrey11@example.net,819-845-8507,469933610795,Female,"309 Travis Stravenue
North Mason, VA 84423",8A
Amber Miller,1978-06-07,Supervisor,Full-time,christianrobinson@example.com,961-705-0992,219070847500,Female,"7070 French Fort
Deannaside, AZ 41626",12A
Jacqueline Haas,2008-02-10,Manager,Temporary,rachel89@example.org,+1-288-360-9939x25989,333131919766,Female,"430 Mann Lakes
Mariamouth, PA 06703",8A
Latoya Hayes,2006-10-23,Supervisor,Full-time,williamrodgers@example.net,6274620778,995353218950,Female,"Unit 8733 Box 3012
DPO AE 34561",8A
Jonathan Lang,1996-07-22,Assistant,Full-time,nielsenkrista@example.net,915-648-9590x64472,698877649305,Female,"7871 Emily Valleys Suite 262
New Jonathan, FL 00749",12A
Ashley Carey,1940-02-07,Assistant,Full-time,julie28@example.org,(946)533-2453,611927247469,Male,"625 Christopher Rue Suite 630
Gregorymouth, MT 17606",GS
Stephanie Buckley,1975-03-25,Engineer,Full-time,fdavis@example.org,355.271.6859,662552178650,Male,"7489 Cross Crossroad Suite 661
Traceytown, WY 03110",8G
Larry Mcdowell,2023-01-03,Assistant,Full-time,joy24@example.org,001-684-278-3631x49234,968154379649,Male,"34069 George Haven
New Paul, MN 33505",10A
Cheryl Bentley,1928-06-25,Assistant,Full-time,donnacarpenter@example.net,848-542-3753x7296,160423081323,Female,"0434 Jones Junction
East Jamesside, TX 13241",12B
Steven Black,1908-11-15,Engineer,Part-time,bgonzalez@example.net,436.840.4488x445,555472887482,Female,"477 Parks Crest
Lunaton, FL 35388",8C
John Shaw,1955-06-03,Engineer,Temporary,ztapia@example.com,586.269.6604x0557,565374428275,Male,"508 Love Spring Suite 939
Port Davidville, TX 15466",GS
Lori Taylor,2009-02-20,Technician,Full-time,shaun12@example.org,879-906-8685x262,831433369555,Male,"8903 Matthew Ways
North Amber, MT 41698",GS
Richard Holloway,1994-01-13,Technician,Contract,heather18@example.org,+1-804-838-3472x01822,987406406242,Male,"46004 Zimmerman Manor
Benjaminview, GU 89615",8A
Amanda Harris,1973-05-23,Engineer,Part-time,jesseperkins@example.com,(381)457-8154x63384,981960338754,Female,"781 Weiss Square
Markview, SD 76427",8G
Elaine Bell,1916-12-16,Technician,Temporary,psmith@example.net,741-233-0463x2433,548630377034,Female,"USNV Harris
FPO AA 97058",8C
Mark Daniels,1984-12-31,Supervisor,Part-time,mahoneysamuel@example.org,488-557-5143x2667,745152519232,Male,"2397 Kemp Stravenue
Lake Deborahstad, SC 13784",8G
Marie Turner,2022-01-21,Engineer,Temporary,vincent06@example.org,001-926-690-4113,621439308153,Male,"64688 Hoffman Glen
Port Jordanview, OK 29648",8B
Christopher Davidson,1914-01-16,Assistant,Part-time,vsmith@example.com,542-834-6451,100638720063,Female,"002 Gabrielle Drive Suite 105
Lake Donald, OK 51721",8A
Ryan Welch,1923-09-22,Technician,Temporary,zortiz@example.org,001-270-941-5042x1863,451868019790,Female,"47787 Crawford Mount Suite 817
Cathyberg, MS 56105",8G
Christopher Mcintyre,1961-04-29,Manager,Full-time,johnsonkyle@example.net,(422)840-7845x35464,907085470812,Female,"284 Karla Shores Apt. 001
South Michele, CO 72582",8B
Christopher Smith,2018-10-05,Supervisor,Temporary,yoneal@example.org,749.640.3230,615070274974,Female,"PSC 1895, Box 8800
APO AE 74088",10A
Robert Lang,1918-11-17,Supervisor,Temporary,wrightmatthew@example.org,550-947-1712,950562718898,Female,"1776 Patricia Garden
Garciamouth, TX 40276",8G
Rhonda Garcia,2002-04-27,Engineer,Part-time,ryan75@example.com,307.487.8624,996413476588,Male,"5990 Kenneth Ford Suite 171
Perezton, PR 32016",12A
Dennis Carter,2018-06-10,Supervisor,Full-time,ddoyle@example.org,853-509-2946x1687,565373665839,Female,"396 Brian Well Suite 909
West Jimmy, IA 18891",8G
Jacob Bell Jr.,1920-03-01,Assistant,Contract,stewartkevin@example.net,454-667-9199,404265075520,Male,"83219 James Station
Armstrongstad, VI 17063",8A
Dustin Mora,1995-10-22,Supervisor,Full-time,kristen52@example.net,001-379-298-3834,244375793334,Female,"PSC 2347, Box 1614
APO AP 54784",12B
Chad Campbell,1988-04-19,Technician,Part-time,ricejerry@example.com,716.560.6479x5920,780336568082,Male,"9964 Bridges Mission Suite 162
West Michael, DC 00867",12A
Breanna Bauer,1962-03-28,Supervisor,Full-time,dianagilmore@example.com,(761)212-7607x670,203350682002,Female,"50724 Michael Villages
Youngshire, MS 44809",12A
Ray Gallegos,1958-08-04,Engineer,Temporary,moorerebecca@example.org,890.785.1867x55148,612531975221,Female,"125 Sergio Prairie Suite 235
Port Julie, CO 08418",12B
Joyce Morgan,1941-08-15,Supervisor,Full-time,james30@example.org,442.541.1200x04016,388392497182,Male,"USNS Smith
FPO AE 18554",8B
Ashley Hahn,1913-12-22,Manager,Full-time,penny02@example.net,766-457-2366,510918927048,Male,"1945 Richardson Squares Suite 607
East Jonathonmouth, PW 11108",8C
Justin Hardin,1961-03-24,Engineer,Part-time,ksnyder@example.org,(636)507-0252,118065280981,Male,"710 Daniel Turnpike
Heatherchester, TX 44103",8G
Christina Wagner,1908-10-27,Technician,Full-time,moorejennifer@example.com,242-349-4822,813300425365,Male,"904 David Villages
Grayside, LA 08903",8B
John Shannon,2021-08-21,Manager,Full-time,timothytaylor@example.com,(755)669-0893x6436,550467728855,Female,"73199 Kerr Mission Suite 230
Jordantown, NE 17652",10A
Spencer Ray,1917-11-21,Engineer,Part-time,andrewgreen@example.org,+1-899-513-5445x335,300894529852,Male,"PSC 5787, Box 2916
APO AE 37218",8C
Michelle Reid,1909-07-10,Technician,Contract,mgray@example.com,915.348.7243x15556,247810175802,Male,"99086 Cohen Mountain Apt. 746
Brandonburgh, ND 30105",8B
Megan Thompson,2014-01-08,Technician,Full-time,cleblanc@example.net,679.634.3449,981674295424,Male,"PSC 6180, Box 5758
APO AE 67095",10A
Timothy Johnson,1918-04-14,Engineer,Part-time,ccollier@example.com,001-994-836-7681x9803,207910951718,Female,"PSC 0962, Box 7420
APO AP 30274",12A
Eric Castillo,1948-07-10,Supervisor,Part-time,dflynn@example.com,001-877-287-7690x058,614051624855,Male,"9282 Jeffrey Flat
North Jennifer, RI 57565",8B
Jeffery Carter,1991-01-25,Engineer,Full-time,jeffery16@example.net,495-279-7798,577547333471,Male,"275 Anderson Roads Apt. 495
West Rhondachester, KY 35916",12A
John Evans,1912-11-11,Manager,Contract,smurphy@example.net,940.752.7117,359740225249,Female,"2237 Jessica Ferry Suite 091
West Ashleyborough, NJ 45451",10A
Francisco Cline,1959-09-23,Supervisor,Part-time,staceydodson@example.net,001-816-369-5268x9925,678094644626,Male,"52715 Scott Falls
Port Natashaview, PW 79237",12A
Patrick Delgado,1961-03-22,Assistant,Full-time,cchase@example.net,478-595-0809,723809833121,Female,"624 Erin Wall
Port Joshuastad, DC 08613",GS
Heather Maddox,2011-01-14,Assistant,Full-time,thomas84@example.org,609.515.4300,623543739866,Male,"573 Tracy Passage Apt. 755
North Staceyton, NH 11219",8A
Terry Leonard,1909-07-09,Manager,Contract,jsharp@example.net,725.522.2413x4831,635332930056,Male,"98033 Hurley Orchard Suite 349
Nicholasside, TN 92255",8G
Richard Goodwin,1985-05-10,Technician,Part-time,lisa86@example.com,732.827.2708,454440806063,Male,"16264 Andrew Crossroad
East Brittany, OK 80450",8G
Brooke Henderson,2021-02-23,Engineer,Contract,theresaholloway@example.org,+1-371-555-7698x39954,945001271716,Female,"27014 Rachel Underpass
North Ericton, NJ 93298",12A
Tiffany Stanley,1910-11-11,Technician,Temporary,bendermelissa@example.com,415.213.9698x640,338875708770,Female,"2681 Christopher Underpass
Port Jeremyside, IN 27735",8G
Beth Washington,1954-11-01,Technician,Full-time,joyce33@example.net,(502)219-2664x0724,863761947027,Male,"796 Bryant Hill
Lake Nicole, LA 20601",GS
Dorothy Cruz,2003-07-09,Manager,Full-time,plane@example.net,001-390-597-7993x907,973088550529,Male,"83541 Johnson Gardens
Lake Michaelborough, NC 49856",10A
Tara Johnson,1913-05-17,Engineer,Contract,shelbyturner@example.com,9872054970,237141051851,Female,"0522 Robert Estates Suite 090
Charlesbury, VA 31769",12B
Heather Combs,1990-09-03,Engineer,Contract,rebekah28@example.com,(216)511-7960x858,264850791236,Male,"85883 Nguyen Lane Suite 555
Jonesland, TN 74178",8C
Robin Wilson,2012-06-10,Manager,Full-time,tara34@example.org,(491)490-2131x883,160726302992,Female,"37105 Ashley Shores
Kathrynburgh, WV 00615",8A
Emily Brady,2022-04-03,Manager,Full-time,tracycampos@example.net,311-675-5054x6769,724418244877,Female,"987 James Island
South Annettestad, CA 58006",8G
Emily Mosley,2013-03-24,Assistant,Contract,matthew79@example.net,652.261.5636x23696,410192516708,Male,"796 Latasha Trail
West Ryanburgh, AL 47779",8A
William Lamb,1968-06-11,Manager,Part-time,munozkevin@example.com,835.581.7073x5967,438858301070,Male,"4424 Jessica Junction
Port Teresa, NC 27360",12B
Carol Evans,1996-02-22,Assistant,Full-time,shane18@example.org,(411)333-3910,632102142835,Female,"5861 Ryan Squares Apt. 277
Mannhaven, IL 81921",GS
Wayne White,1994-09-04,Supervisor,Temporary,samanthabutler@example.com,001-658-528-4878x01580,589967931187,Female,"USS Romero
FPO AE 48621",12B
Tonya Payne,2020-06-03,Assistant,Full-time,christopherwood@example.org,9028144787,943856225475,Female,"2501 Nancy Lane Apt. 466
North Jacquelineberg, MT 13295",8B
Heidi Reid,1914-04-23,Assistant,Full-time,kvillanueva@example.com,918.555.8694,534899523217,Male,"0221 Ellis Trafficway Apt. 497
New Sean, RI 76478",GS
Kathryn Simpson,1919-03-15,Supervisor,Part-time,alexanderjohnson@example.org,975.565.1383x716,843589043988,Male,"73434 Castro Avenue
New Nathanmouth, OK 94778",GS
Mr. Johnathan Davis,2001-01-04,Assistant,Temporary,josephrodriguez@example.net,369.846.8959x08021,121482786737,Male,"9459 Kevin Plaza Suite 875
East Katie, GA 38046",GS
Samantha Meyer,1947-12-17,Technician,Full-time,sarah81@example.net,(447)503-3123x72301,630333209431,Male,"8190 Melendez Extension
South Timothy, WA 28487",12A
Mark Rowe,1994-02-16,Supervisor,Part-time,jocelynmartin@example.com,(423)532-9601,653878170259,Female,"PSC 0487, Box 8174
APO AA 11002",8A
Chad Young,1970-06-26,Manager,Contract,lisa63@example.org,+1-987-772-7693x427,793882701633,Female,"469 Karen Brooks
West Cynthia, MN 83305",12A
Dillon Wade,1943-03-16,Assistant,Part-time,makayla37@example.net,577-732-4981x87701,431984172182,Male,"697 Robert Plaza
Port Amyberg, OR 59094",8C
Michael Woodward,2004-04-17,Assistant,Contract,ricecody@example.org,951.317.0474x37591,314830724076,Male,"93059 Friedman Burg
North Meagan, HI 24619",10A
Veronica Shepard,1908-03-19,Supervisor,Contract,ofreeman@example.net,865.256.4700,848695326493,Female,"9517 Clark Alley
North Matthewton, IA 63352",8A
Mary Marquez,1958-04-02,Assistant,Contract,allisonsmith@example.org,380-461-8303,909707640387,Male,"4643 Gray Garden
West Debraport, PA 96844",12B
Jordan Moore DDS,1989-03-29,Manager,Part-time,fowlerantonio@example.net,(714)768-9430x588,861618015059,Male,"376 Russo Shore Suite 377
New Andrew, KS 84990",12B
Erika Jackson,2020-05-31,Technician,Contract,andresgraham@example.net,763-895-9720x15122,784382739947,Female,"836 Lee Summit Suite 011
Lake Cheryl, IA 62859",12A
Jennifer Wright,2021-08-23,Technician,Temporary,mlawson@example.org,339-536-5215,332513141997,Male,"8115 Charles Views Suite 728
West David, FL 51146",10A
Adam Bowen,1968-09-09,Supervisor,Contract,markmunoz@example.net,(791)228-7041x3090,203977471774,Male,"99222 Douglas Knoll Suite 042
Damonhaven, NE 22326",8B
Leslie Dominguez,1931-02-26,Assistant,Contract,johnsonashley@example.net,405.533.0853,916615022116,Female,"100 Joshua Mountains
Lake Zachary, RI 30715",8B
Vincent Bernard,1960-04-05,Manager,Full-time,wpeterson@example.com,001-509-699-4827,846031521734,Male,"375 Harmon Isle
Lake Cherylville, SD 07361",8C
Mrs. Lisa Crawford DVM,1943-09-06,Supervisor,Part-time,dixonnicolas@example.com,311.894.9414,597842111404,Female,"173 Wilson Estates Suite 921
Meganton, MT 05434",GS
Daniel Crawford,1912-06-14,Technician,Temporary,charlestran@example.com,+1-967-304-4404x756,676600789773,Male,"4551 Orr Ports
Timothyfort, KS 68435",12A
Tara Armstrong,1994-05-07,Engineer,Temporary,browncharles@example.net,547-915-4250x68004,294786478678,Female,"67413 Oneal Loop
Lake Amber, WV 01834",12A
Sarah Becker,1946-09-16,Engineer,Contract,jessicabush@example.com,(203)713-6292x405,115062052294,Male,"60235 Robert Run Apt. 404
New Tina, GA 62267",8B
Megan Thompson,1933-03-10,Assistant,Temporary,monica95@example.org,403-531-6512,297133838059,Male,"3793 David Ports
South Billy, NH 35306",8C
Sarah Boyd,2008-05-02,Assistant,Contract,vestes@example.org,001-929-930-6582,435421527899,Male,"938 Alexander Lakes Suite 682
Thomasport, MI 50053",12A
Emily Bailey,1917-09-09,Assistant,Contract,michaelwalsh@example.net,495.726.5042,372809926311,Male,"49664 Hansen Trail Apt. 556
Kellyside, MH 58738",8A
Aaron Mccormick,2003-03-09,Technician,Full-time,phillipsdana@example.org,467.779.9850x1242,209098111598,Male,"90958 Lawrence Plains Suite 702
Johnchester, WA 39667",8A
Christine Scott,2012-05-09,Supervisor,Contract,johnsonjohn@example.org,001-495-995-8660x26552,723359833749,Female,"49657 Chelsea Gardens
West Aaronside, SD 59192",12A
Brandon Osborn,1928-02-01,Engineer,Full-time,frank23@example.net,001-254-707-4195x3909,391203082264,Male,"129 Courtney Shoals
Dustinmouth, MD 93390",12B
Dr. Melissa Phillips,1998-10-14,Supervisor,Part-time,bodonnell@example.org,538.849.6962,826661718200,Male,"396 Avila Route Suite 676
Laurabury, KY 95616",12A
Valerie Jones,1955-09-08,Engineer,Full-time,todd20@example.org,(954)824-5524x374,488397742950,Male,"98018 Evans Overpass Apt. 492
Jennifermouth, NE 30602",10A
Mariah Taylor,2022-09-24,Technician,Full-time,copelandkaren@example.org,(552)835-5955x10131,881082540461,Female,"7554 Laurie Square
South James, MD 90649",GS
Douglas Conway,1959-10-14,Assistant,Temporary,georgetodd@example.net,+1-550-990-0119x789,964346708971,Female,"5463 Dixon Neck
Thomasville, TX 64874",10A
Lisa Rios,2012-05-24,Manager,Temporary,thutchinson@example.com,605.377.8503x6958,347417122145,Male,"213 Liu Inlet
Chanchester, OR 05947",12B
Elizabeth Briggs,1925-02-03,Technician,Temporary,burtonmichelle@example.com,+1-208-203-6095x23283,880711523483,Female,"6078 Taylor Drives
Greenville, NJ 72645",10A
Kathryn Alexander,1925-01-12,Supervisor,Part-time,wuamanda@example.net,464-737-5049x7170,346877123375,Male,"77662 Eric Isle
South Debraview, FM 99095",10A
Brian Baker,1924-06-28,Supervisor,Temporary,stacy60@example.com,(317)943-3967x75236,666777519955,Female,"223 Martin Points
Lake Jamestown, MD 72944",8A
Brandon Ford,1921-06-15,Supervisor,Contract,brendawise@example.org,+1-738-324-4721x793,102475474721,Male,"50239 Mendez Crossing Suite 967
South Sheliamouth, VA 70230",12A
Christopher Mcdaniel,1987-05-15,Technician,Temporary,daleanderson@example.org,(672)568-1255x13475,501492671343,Male,"USS Hart
FPO AP 42051",8A
Brent Brown,1944-06-05,Engineer,Full-time,teresaconway@example.org,001-956-585-2656x1584,885763175040,Female,"2434 Julian Tunnel Apt. 774
Michaelton, MS 15935",8A
Brooke Dixon,2003-07-30,Engineer,Part-time,baldwinmaria@example.net,(753)836-9029x3802,942308012323,Male,"107 Christy Lakes
Lopezmouth, SD 84918",10A
Jesse Lara,1968-08-24,Engineer,Full-time,ryan25@example.net,001-983-258-2702x6083,467123155918,Male,"30804 Simmons Via Apt. 706
Port Michael, ND 80137",8G
Todd Pena,1922-05-14,Manager,Part-time,williamscynthia@example.com,738.378.3564,836210105057,Male,"3776 Sharon Inlet Suite 421
Teresachester, FM 49015",8C
Morgan Thomas,2001-07-05,Technician,Part-time,meghan97@example.org,911-875-1923x348,825978231563,Male,"799 John Center
Lake David, TN 18704",12B
Hunter Sutton,1960-04-29,Engineer,Part-time,matthewboyd@example.org,(809)232-8486,371584185673,Male,"70643 Ford Forest Suite 745
Jenniferton, CO 62076",8G
James Campos,1989-04-19,Technician,Contract,jasmine78@example.com,+1-434-238-5547x225,979227815659,Female,"929 Pearson Meadows Apt. 044
Campbellville, ME 09292",8A
Scott Webb,1988-09-29,Manager,Part-time,prattthomas@example.net,(847)783-3944,246440497355,Male,"852 Black Corner
Francohaven, SD 74021",8G
Amanda Clark,1950-02-21,Supervisor,Part-time,hernandezfrank@example.org,907.290.9646,136544032443,Female,"Unit 4568 Box 4749
DPO AP 21452",8G
Mr. Jerry Blankenship,1937-01-30,Manager,Temporary,jacquelineolsen@example.net,708-540-2393x271,234812709084,Female,"33986 Welch Cove Apt. 554
Sarastad, SD 58112",8B
Willie Hall,2003-12-22,Manager,Contract,lorigarcia@example.org,896.884.7618,629046185390,Male,"0415 Stanley Brooks
New Ashley, MN 32961",10A
Bianca Griffin,1943-01-03,Supervisor,Temporary,pjones@example.org,348.477.2819,323540416363,Female,"Unit 8064 Box 8444
DPO AA 80064",8C
Theresa Carter,1914-09-10,Supervisor,Contract,courtney04@example.org,(434)223-1312x74639,999448869247,Male,"44592 Harrell Views Suite 662
Carltown, MD 08392",12A
John Snow,1962-08-16,Engineer,Part-time,diana98@example.com,433-415-8375x04968,299598849619,Male,"04774 Crawford Cliffs Suite 320
Lake Peter, VI 12650",GS
Krystal Lee,2013-04-19,Engineer,Contract,arthurwilson@example.com,+1-994-976-5571x95617,947535718209,Female,"6126 Brooks Ways
Lake Kyleview, VT 60476",12B
Cindy Gill,1907-12-08,Assistant,Full-time,shane74@example.net,+1-852-768-0636x69081,522864918164,Male,"060 Cruz Tunnel Suite 335
Kingville, AL 80536",12A
Christopher Davis,2019-08-14,Technician,Full-time,huffmantimothy@example.net,001-247-970-6234x1724,905652293536,Female,"1730 Norton Rest Suite 232
Peterschester, MS 83585",GS
Jerry Young,1932-05-08,Assistant,Contract,joelbrown@example.com,(634)679-7452,830001127091,Female,"500 Corey Station Suite 128
Lake Kristyville, TX 56424",8G
Lisa Knapp,1959-08-02,Engineer,Contract,abrown@example.net,203-339-9975x24899,426479325286,Male,"05397 Monica Lake Apt. 592
Stephenmouth, GU 71344",8A
Brendan Cooper,2019-03-29,Engineer,Temporary,csosa@example.net,+1-226-359-7391,635097448512,Male,"6260 Chan Forest
South Martin, IL 31027",10A
Leon Campbell,1984-10-24,Technician,Contract,npreston@example.net,425.770.0664x578,757951182900,Male,"5413 Dylan Causeway
Lake Jamesborough, PW 47090",12B
Philip Grant,2015-11-22,Manager,Part-time,richardmejia@example.net,+1-469-281-1361x2551,598146574034,Male,"69041 Nicholas Inlet Apt. 369
West Kyleberg, MO 48497",8B
Jacob Harris,2001-03-17,Supervisor,Full-time,dana79@example.com,340-850-1492,318886035547,Male,"495 Brian Radial Suite 995
Hobbsbury, ID 39442",8C
Katherine Armstrong,1963-07-25,Technician,Contract,rmorgan@example.org,422.792.0398x1212,520185588226,Male,"41396 Wolf Cliff
East Rachelburgh, GA 89126",8G
Gina Cunningham,2014-05-12,Engineer,Full-time,cmartinez@example.net,+1-453-585-5735x0204,452204308617,Female,"90628 Helen Centers Apt. 034
West Aaronburgh, HI 78412",8C
Allen Evans,1947-05-18,Assistant,Full-time,rsmith@example.com,+1-281-668-3718x4620,616412520599,Male,"0472 Peterson Stream
Fischermouth, WY 62889",12A
Courtney Meyer,1972-01-20,Technician,Contract,lisa36@example.org,001-822-696-4973x94949,973596124454,Female,"9006 Nicholas Rapid Suite 597
Williamsmouth, KS 45534",8A
Mary Mann,1944-08-16,Engineer,Temporary,fmelton@example.net,(671)208-4100,726131679708,Male,"090 Brown Inlet Apt. 946
Kimberlyview, AK 43377",GS
Jeffrey Fuller,1909-10-27,Assistant,Full-time,brendaperez@example.net,001-980-853-5884x0272,443003520273,Female,"110 Allen Glens
Hortonville, MD 73129",8B
Kevin Flores,1966-08-05,Assistant,Part-time,millerfernando@example.net,6502721104,766913815020,Male,"32393 Gonzalez Haven Suite 880
North Susanland, SC 41275",8C
Johnathan Sutton,2009-09-30,Engineer,Contract,eroach@example.net,737.710.6235,932759527838,Male,"983 John Bypass Apt. 045
Laneberg, AS 89428",8A
Tracey Orr,1962-04-29,Supervisor,Part-time,wellschristopher@example.org,+1-277-948-5515,989925802576,Male,"7300 Mckee Lock
New Lesliemouth, ME 93108",8B
Andrea Wilkerson,1915-11-25,Technician,Temporary,smithmonica@example.com,+1-987-463-5012x69601,663567009722,Female,"205 Guzman Hill
Lindseyshire, WI 79238",10A
Ann Johnson,1924-01-16,Assistant,Temporary,pwilliams@example.org,+1-609-836-9160x53045,381764551003,Male,"79243 Billy Locks Apt. 318
Jenniferport, AZ 61281",8C
Jennifer Schmitt,2009-07-09,Supervisor,Part-time,zrobles@example.org,+1-836-829-8939x4749,787949022790,Female,"70240 Stewart Underpass Suite 237
Lake Anamouth, WY 54363",8C
Katherine Stevenson,1956-11-03,Technician,Temporary,mariawerner@example.org,001-941-967-3174x01448,555428653225,Female,"4311 Coleman Ridge Apt. 170
Calebchester, TX 90297",8B
Frederick Wilson,1921-05-17,Supervisor,Full-time,jasonmiller@example.net,001-980-421-5095x4891,491944413209,Male,"PSC 2652, Box 4154
APO AA 45108",GS
Rodney Klein,1919-09-23,Manager,Full-time,amanda01@example.org,+1-582-443-1740x98921,949200632567,Male,"86192 Ross Pines Suite 964
Port Lisa, FM 27400",GS
Linda Rosales,1927-12-17,Technician,Full-time,leemily@example.com,001-420-667-6957,513699226094,Male,"3048 Natalie Trail Apt. 744
Ryanville, MT 53464",12B
Cathy Rios,1954-01-23,Engineer,Part-time,jessica22@example.net,001-430-543-7873x33319,623281245158,Male,"51686 Farmer Groves Apt. 752
South Roberthaven, KS 32452",8B
Nicholas Fleming,1938-12-30,Technician,Temporary,fjohnson@example.com,244.394.1810x5255,473987809087,Female,"770 Bates Cliff Suite 290
Stonefort, WA 01229",8G
David Mitchell,1953-12-18,Manager,Contract,kim86@example.com,(240)573-6838x0150,247508223087,Male,"57578 Colleen Port Suite 729
West Veronica, MH 93134",8G
Matthew Bean,1934-11-30,Supervisor,Contract,jayhuff@example.com,+1-630-682-8946x2201,654881264046,Male,"6334 Tapia Junctions
Robertmouth, TX 10854",12A
David Neal,2004-02-07,Supervisor,Contract,burketony@example.net,3956560541,663702234888,Female,"3725 Robert Villages Suite 926
East Lindaborough, MP 21857",8C
Shawn Vasquez,1991-10-04,Technician,Temporary,lesliescott@example.net,+1-733-231-8462x20047,352584288677,Male,"64160 Rivera Spring Apt. 123
Johntown, WA 90916",12B
Eric Hall,2002-07-07,Manager,Contract,charleshernandez@example.com,001-248-327-8521x2221,294775793905,Male,"673 Thomas Unions
Arellanoview, GA 26395",8C
Eduardo Rice,1950-10-11,Technician,Part-time,lawrencesteven@example.com,+1-452-963-0503x08279,965302551870,Female,"53666 Amber Crossing
Davidfurt, SC 41669",8A
Bryan Taylor,1982-07-31,Manager,Part-time,meyerscott@example.net,(253)469-5397,357866336999,Male,"23316 Jeffrey Walk
Lake Tabitha, IL 94745",12A
Douglas Church,2002-06-27,Manager,Full-time,stephanie16@example.net,634-996-5978,899763902376,Male,"08714 Wright Turnpike
North Daniellemouth, LA 55860",8B
Cynthia Wilson,1923-02-03,Manager,Contract,brandypace@example.com,984.602.2870,368227649956,Female,"022 Melissa Drives Apt. 540
Port Timothymouth, MO 63637",8G
Anthony Whitney,1927-01-06,Engineer,Temporary,andrewcastillo@example.net,8323389552,876809692147,Female,"456 Swanson Run
North Ryan, AK 40960",8G
Amanda Pena,1929-08-10,Assistant,Full-time,jo10@example.com,001-359-631-5421x3234,950528867272,Female,"7837 Martin Cliff
Lake Karen, OK 10645",10A
Angelica Garner,1967-02-24,Supervisor,Temporary,xbrown@example.net,001-376-775-5695x0371,237706934084,Male,"86300 John Keys
East Shelby, ND 09717",12A
Timothy Davis,1960-05-13,Engineer,Part-time,graveserin@example.com,001-359-242-1969,801203953773,Male,"347 Fletcher Rapids Apt. 324
Port Sarah, OR 48009",8C
Alex Jackson,1914-03-28,Technician,Full-time,spenceanthony@example.org,+1-251-668-9658x87683,160840216582,Male,"582 Paul Flats
Mckinneyshire, MT 49782",10A
Ronald Lewis,1920-01-10,Manager,Contract,morganchristopher@example.com,(246)242-7863,859411716195,Male,"391 Johnson Center
Peterchester, OK 52776",12A
David Santos,1924-12-18,Supervisor,Temporary,johnsonrebecca@example.com,(445)773-6017x9657,857282891105,Female,"363 Michele Gateway Suite 893
New Tylerville, MO 37148",10A
Joyce Wallace,1989-03-03,Technician,Part-time,gibsonerika@example.com,875.509.1226,116852924570,Female,"6936 Landry Vista Apt. 046
Anthonyland, MI 89413",8A
Kimberly Watkins,1965-04-16,Supervisor,Part-time,jeanlove@example.org,+1-417-849-4132x9610,108588018395,Male,"2234 Steele Courts Apt. 601
Lisaborough, VI 23950",12A
Lisa Butler,1923-02-17,Supervisor,Contract,lanejessica@example.org,+1-222-643-5276x91072,282163480320,Female,"577 Vazquez Spurs
Martinezview, CA 45812",8A
Kyle Parker,1966-12-04,Supervisor,Part-time,lopezlinda@example.org,972-297-9177x1053,166741230534,Male,"Unit 3273 Box 2823
DPO AA 80843",8G
Travis Hurst,1933-07-24,Engineer,Full-time,brett61@example.org,9719775321,874471923656,Male,"5381 Jonathan Island Apt. 466
Millerton, MS 81476",8G
Stephen Miller,1990-12-05,Engineer,Part-time,susan81@example.net,7427218167,360237565574,Female,"PSC 6203, Box 8699
APO AP 64255",8B
Bobby Roberts,1989-02-16,Supervisor,Contract,rachelcarpenter@example.org,+1-219-841-5035x19783,531906230341,Female,"78864 Strickland Shoal
Port Terri, AS 72294",8B
Erin Roberts,1939-04-05,Technician,Full-time,leezachary@example.org,(632)784-6154x456,579011014922,Female,"6894 Jones Road
Lake Jose, GU 83902",8C
